category,target_week,actual_orders,historical_prediction,review_prediction
bed_bath_table,2017-12-18,96.0,111.48848,109.12363
bed_bath_table,2017-12-25,87.0,110.76784,101.46847
bed_bath_table,2018-01-01,137.0,109.319305,105.899506
bed_bath_table,2018-01-08,171.0,109.89395,108.34707
bed_bath_table,2018-01-15,152.0,93.048134,93.16114
bed_bath_table,2018-01-22,156.0,92.712364,93.007706
bed_bath_table,2018-01-29,162.0,93.048134,92.56335
bed_bath_table,2018-02-05,174.0,87.82795,89.58964
bed_bath_table,2018-02-12,150.0,87.82795,93.49453
health_beauty,2017-12-18,69.0,83.88178,85.9307
health_beauty,2017-12-25,57.0,98.639275,93.34731
health_beauty,2018-01-01,99.0,91.61487,90.65645
health_beauty,2018-01-08,146.0,92.759346,91.37929
health_beauty,2018-01-15,144.0,112.30617,103.76651
health_beauty,2018-01-22,136.0,94.41461,103.77794
health_beauty,2018-01-29,124.0,91.92918,92.15826
health_beauty,2018-02-05,136.0,89.99782,90.11393
health_beauty,2018-02-12,152.0,97.82665,97.88646
