category,week_start,demand,avg_price,active_products,review_volume,avg_rating,avg_sentiment,positive_ratio,negative_ratio,sentiment_review_count,avg_agreement,demand_lag_1,demand_lag_2,demand_lag_4,rolling_avg_4w,review_volume_change,avg_rating_change,avg_sentiment_change,target_next_week,target_week,category_code
bed_bath_table,2017-01-02,1,68.9,1,0.0,,,,,0.0,,,,,,,,,5.0,2017-01-09,0
bed_bath_table,2017-01-09,5,59.9,5,0.0,,,,,0.0,,1.0,,,,0.0,,,10.0,2017-01-16,0
bed_bath_table,2017-01-16,10,100.10000000000001,9,2.0,4.0,,,,0.0,,5.0,1.0,,,2.0,,,16.0,2017-01-23,0
bed_bath_table,2017-01-23,16,74.18222222222222,13,6.0,4.666666666666667,,,,0.0,,10.0,5.0,,8.0,4.0,0.666666666666667,,34.0,2017-01-30,0
bed_bath_table,2017-01-30,34,92.83941176470589,28,4.0,5.0,,,,0.0,,16.0,10.0,1.0,16.25,-2.0,0.33333333333333304,,43.0,2017-02-06,0
bed_bath_table,2017-02-06,43,95.133125,38,16.0,4.5625,,,,0.0,,34.0,16.0,5.0,25.75,12.0,-0.4375,,39.0,2017-02-13,0
bed_bath_table,2017-02-13,39,103.888125,36,32.0,4.25,,,,0.0,,43.0,34.0,10.0,33.0,16.0,-0.3125,,32.0,2017-02-20,0
bed_bath_table,2017-02-20,32,92.41333333333334,30,39.0,4.384615384615385,,,,0.0,,39.0,43.0,16.0,37.0,7.0,0.13461538461538503,,48.0,2017-02-27,0
bed_bath_table,2017-02-27,48,97.97018181818183,40,29.0,4.206896551724138,3.5789473684210527,0.5263157894736842,0.2631578947368421,19.0,0.7631578947368421,32.0,39.0,34.0,40.5,-10.0,-0.17771883289124712,,59.0,2017-03-06,0
bed_bath_table,2017-03-06,59,99.465,47,45.0,4.4222222222222225,3.25,0.5,0.35,20.0,0.625,48.0,32.0,43.0,44.5,16.0,0.2153256704980846,-0.32894736842105265,52.0,2017-03-13,0
bed_bath_table,2017-03-13,52,85.54423728813559,40,49.0,3.7346938775510203,3.5,0.5769230769230769,0.2692307692307692,26.0,0.9038461538461539,59.0,48.0,39.0,47.75,4.0,-0.6875283446712022,0.25,60.0,2017-03-20,0
bed_bath_table,2017-03-20,60,87.69013698630137,52,56.0,4.375,4.3076923076923075,0.8461538461538461,0.11538461538461539,26.0,0.8942307692307693,52.0,59.0,32.0,54.75,7.0,0.6403061224489797,0.8076923076923075,68.0,2017-03-27,0
bed_bath_table,2017-03-27,68,80.60146666666668,61,57.0,3.508771929824561,3.6296296296296298,0.6666666666666666,0.2222222222222222,27.0,0.6759259259259259,60.0,52.0,48.0,59.75,1.0,-0.8662280701754388,-0.6780626780626777,63.0,2017-04-03,0
bed_bath_table,2017-04-03,63,76.81973684210527,47,53.0,4.377358490566038,4.2631578947368425,0.8421052631578947,0.05263157894736842,19.0,0.8552631578947368,68.0,60.0,59.0,60.75,-4.0,0.8685865607414764,0.6335282651072127,31.0,2017-04-10,0
bed_bath_table,2017-04-10,31,80.82969696969697,27,65.0,4.061538461538461,3.789473684210526,0.6578947368421053,0.23684210526315788,38.0,0.8486842105263158,63.0,68.0,52.0,55.5,12.0,-0.31582002902757633,-0.4736842105263164,64.0,2017-04-17,0
bed_bath_table,2017-04-17,64,84.04065789473684,48,51.0,3.9019607843137254,3.5238095238095237,0.6190476190476191,0.3333333333333333,21.0,0.8452380952380952,31.0,63.0,60.0,56.5,-14.0,-0.15957767722473593,-0.2656641604010024,49.0,2017-04-24,0
bed_bath_table,2017-04-24,49,116.9844827586207,40,31.0,3.935483870967742,2.9,0.5,0.5,10.0,0.775,64.0,31.0,68.0,51.75,-20.0,0.0335230866540166,-0.6238095238095238,60.0,2017-05-01,0
bed_bath_table,2017-05-01,60,83.62485294117647,46,44.0,3.8181818181818183,3.5,0.625,0.25,24.0,0.7916666666666666,49.0,64.0,63.0,51.0,13.0,-0.11730205278592365,0.6000000000000001,77.0,2017-05-08,0
bed_bath_table,2017-05-08,77,95.14385542168675,58,56.0,4.071428571428571,3.1739130434782608,0.5217391304347826,0.391304347826087,23.0,0.7282608695652174,60.0,49.0,31.0,62.5,12.0,0.25324675324675283,-0.32608695652173925,71.0,2017-05-15,0
bed_bath_table,2017-05-15,71,84.03382716049383,58,67.0,3.8208955223880596,3.142857142857143,0.5,0.4642857142857143,28.0,0.8125,77.0,60.0,64.0,64.25,11.0,-0.25053304904051155,-0.03105590062111796,89.0,2017-05-22,0
bed_bath_table,2017-05-22,89,98.11752475247526,79,97.0,3.8969072164948453,3.4444444444444446,0.6222222222222222,0.3333333333333333,45.0,0.8111111111111111,71.0,77.0,49.0,74.25,30.0,0.07601169410678565,0.30158730158730185,69.0,2017-05-29,0
bed_bath_table,2017-05-29,69,85.56565789473684,54,90.0,4.2444444444444445,3.682926829268293,0.7073170731707317,0.17073170731707318,41.0,0.7621951219512195,89.0,71.0,60.0,76.5,-7.0,0.3475372279495992,0.2384823848238482,87.0,2017-06-05,0
bed_bath_table,2017-06-05,87,84.76313725490196,67,73.0,4.178082191780822,3.5555555555555554,0.6296296296296297,0.2962962962962963,27.0,0.7685185185185185,69.0,89.0,77.0,79.0,-17.0,-0.06636225266362228,-0.1273712737127375,75.0,2017-06-12,0
bed_bath_table,2017-06-12,75,91.26183673469387,67,64.0,4.0625,3.6666666666666665,0.6666666666666666,0.25925925925925924,27.0,0.7962962962962963,87.0,69.0,71.0,80.0,-9.0,-0.11558219178082219,0.11111111111111116,72.0,2017-06-19,0
bed_bath_table,2017-06-19,72,88.40447368421053,54,82.0,4.182926829268292,3.74,0.66,0.2,50.0,0.825,75.0,87.0,89.0,75.75,18.0,0.1204268292682924,0.0733333333333337,86.0,2017-06-26,0
bed_bath_table,2017-06-26,86,108.75835164835165,61,89.0,3.842696629213483,3.6666666666666665,0.7142857142857143,0.23809523809523808,42.0,0.7797619047619048,72.0,75.0,69.0,80.0,7.0,-0.3402302000548092,-0.0733333333333337,115.0,2017-07-03,0
bed_bath_table,2017-07-03,115,100.71581395348838,77,76.0,4.026315789473684,3.7,0.7333333333333333,0.23333333333333334,30.0,0.825,86.0,72.0,87.0,87.0,-13.0,0.18361916026020086,0.03333333333333366,126.0,2017-07-10,0
bed_bath_table,2017-07-10,126,116.173115942029,85,88.0,4.261363636363637,3.8,0.7142857142857143,0.22857142857142856,35.0,0.8285714285714286,115.0,86.0,75.0,99.75,12.0,0.23504784688995262,0.09999999999999964,135.0,2017-07-17,0
bed_bath_table,2017-07-17,135,121.68114649681527,85,103.0,4.184466019417476,3.9183673469387754,0.673469387755102,0.20408163265306123,49.0,0.8826530612244898,126.0,115.0,72.0,115.5,15.0,-0.0768976169461606,0.1183673469387756,104.0,2017-07-24,0
bed_bath_table,2017-07-24,104,102.83330508474576,79,141.0,4.113475177304965,3.64,0.6266666666666667,0.26666666666666666,75.0,0.8133333333333334,135.0,126.0,86.0,120.0,38.0,-0.07099084211251139,-0.2783673469387753,82.0,2017-07-31,0
bed_bath_table,2017-07-31,82,115.38404255319149,58,129.0,4.1395348837209305,3.75,0.6607142857142857,0.23214285714285715,56.0,0.7857142857142857,104.0,135.0,115.0,111.75,-12.0,0.026059706415965778,0.10999999999999988,115.0,2017-08-07,0
bed_bath_table,2017-08-07,115,114.03437037037037,77,102.0,4.284313725490196,3.84,0.7,0.24,50.0,0.87,82.0,104.0,126.0,109.0,-27.0,0.14477884176926548,0.08999999999999986,125.0,2017-08-14,0
bed_bath_table,2017-08-14,125,107.2651048951049,101,108.0,4.0,3.6346153846153846,0.5576923076923077,0.25,52.0,0.8028846153846154,115.0,82.0,135.0,106.5,6.0,-0.28431372549019596,-0.20538461538461528,91.0,2017-08-21,0
bed_bath_table,2017-08-21,91,104.59656565656564,78,89.0,4.101123595505618,3.4651162790697674,0.5813953488372093,0.3023255813953488,43.0,0.877906976744186,125.0,115.0,104.0,103.25,-19.0,0.10112359550561756,-0.1694991055456172,80.0,2017-08-28,0
bed_bath_table,2017-08-28,80,118.03477777777776,68,134.0,4.141791044776119,3.6440677966101696,0.6440677966101694,0.22033898305084745,59.0,0.826271186440678,91.0,125.0,82.0,102.75,45.0,0.0406674492705017,0.17895151754040217,86.0,2017-09-04,0
bed_bath_table,2017-09-04,86,102.47073684210525,80,68.0,3.926470588235294,3.4,0.6,0.3,30.0,0.825,80.0,91.0,115.0,95.5,-66.0,-0.21532045654082532,-0.24406779661016964,147.0,2017-09-11,0
bed_bath_table,2017-09-11,147,93.93939759036145,103,82.0,4.121951219512195,3.7714285714285714,0.5714285714285714,0.11428571428571428,35.0,0.7714285714285715,86.0,80.0,125.0,101.0,14.0,0.1954806312769013,0.37142857142857144,127.0,2017-09-18,0
bed_bath_table,2017-09-18,127,94.12754838709678,105,134.0,4.074626865671642,3.8,0.64,0.18,50.0,0.84,147.0,86.0,91.0,110.0,52.0,-0.047324353840553,0.02857142857142847,83.0,2017-09-25,0
bed_bath_table,2017-09-25,83,104.72060606060606,77,128.0,4.125,3.6037735849056602,0.6792452830188679,0.24528301886792453,53.0,0.8443396226415094,127.0,147.0,80.0,110.75,-6.0,0.05037313432835777,-0.19622641509433958,82.0,2017-10-02,0
bed_bath_table,2017-10-02,82,80.13546391752578,71,91.0,4.1208791208791204,3.5319148936170213,0.6170212765957447,0.2553191489361702,47.0,0.8457446808510638,83.0,127.0,86.0,109.75,-37.0,-0.00412087912087955,-0.07185869128863898,102.0,2017-10-09,0
bed_bath_table,2017-10-09,102,82.41471074380165,92,104.0,3.826923076923077,3.490566037735849,0.5849056603773585,0.2641509433962264,53.0,0.8018867924528302,82.0,83.0,147.0,98.5,13.0,-0.29395604395604336,-0.04134885588117232,104.0,2017-10-16,0
bed_bath_table,2017-10-16,104,81.9074647887324,105,98.0,4.295918367346939,3.8823529411764706,0.6666666666666666,0.21568627450980393,51.0,0.8578431372549019,102.0,82.0,127.0,92.75,-6.0,0.4689952904238619,0.3917869034406216,112.0,2017-10-23,0
bed_bath_table,2017-10-23,112,86.675,103,107.0,3.878504672897196,3.3703703703703702,0.5740740740740741,0.37037037037037035,54.0,0.8148148148148148,104.0,102.0,83.0,100.0,9.0,-0.41741369444974286,-0.5119825708061003,104.0,2017-10-30,0
bed_bath_table,2017-10-30,104,91.7570634920635,87,92.0,3.8152173913043477,3.0869565217391304,0.5,0.43478260869565216,46.0,0.7717391304347826,112.0,104.0,82.0,105.5,-15.0,-0.06328728159284847,-0.28341384863123986,131.0,2017-11-06,0
bed_bath_table,2017-11-06,131,89.89387096774195,113,117.0,4.042735042735043,3.4615384615384617,0.5192307692307693,0.28846153846153844,52.0,0.8365384615384616,104.0,112.0,102.0,112.75,25.0,0.2275176514306949,0.3745819397993313,121.0,2017-11-13,0
bed_bath_table,2017-11-13,121,101.64408759124088,113,100.0,4.04,3.2439024390243905,0.5365853658536586,0.4146341463414634,41.0,0.8414634146341463,131.0,104.0,104.0,117.0,-17.0,-0.0027350427350425477,-0.21763602251407121,363.0,2017-11-20,0
bed_bath_table,2017-11-20,363,90.35856164383563,252,134.0,4.276119402985074,3.8,0.6181818181818182,0.18181818181818182,55.0,0.8181818181818182,121.0,131.0,112.0,179.75,34.0,0.23611940298507417,0.5560975609756094,198.0,2017-11-27,0
bed_bath_table,2017-11-27,198,92.1857805907173,167,121.0,4.008264462809917,3.4909090909090907,0.6181818181818182,0.23636363636363636,55.0,0.8136363636363636,363.0,121.0,104.0,203.25,-13.0,-0.2678549401751571,-0.3090909090909091,113.0,2017-12-04,0
bed_bath_table,2017-12-04,113,93.86824817518249,115,148.0,4.013513513513513,3.4035087719298245,0.5614035087719298,0.3508771929824561,57.0,0.8333333333333334,198.0,363.0,131.0,198.75,27.0,0.005249050703596048,-0.08740031897926626,114.0,2017-12-11,0
bed_bath_table,2017-12-11,114,85.98936,102,182.0,3.6153846153846154,2.9318181818181817,0.45454545454545453,0.45454545454545453,88.0,0.7869318181818182,113.0,198.0,121.0,197.0,34.0,-0.39812889812889773,-0.4716905901116428,96.0,2017-12-18,0
bed_bath_table,2017-12-18,96,93.16280373831776,88,242.0,3.3181818181818183,2.9384615384615387,0.43846153846153846,0.46923076923076923,130.0,0.8365384615384616,114.0,113.0,363.0,130.25,60.0,-0.2972027972027971,0.0066433566433570235,87.0,2017-12-25,0
bed_bath_table,2017-12-25,87,88.10969696969697,79,153.0,3.3986928104575163,2.7160493827160495,0.3950617283950617,0.5308641975308642,81.0,0.8055555555555556,96.0,114.0,198.0,102.5,-89.0,0.08051099227569791,-0.22241215574548923,137.0,2018-01-01,0
bed_bath_table,2018-01-01,137,94.48400000000001,124,117.0,3.752136752136752,3.122448979591837,0.4897959183673469,0.3877551020408163,49.0,0.8418367346938775,87.0,96.0,113.0,108.5,-36.0,0.3534439416792359,0.4063995968757874,171.0,2018-01-08,0
bed_bath_table,2018-01-08,171,100.54385416666668,138,133.0,4.150375939849624,3.8484848484848486,0.696969696969697,0.21212121212121213,66.0,0.8674242424242424,137.0,87.0,114.0,122.75,16.0,0.39823918771287214,0.7260358688930117,152.0,2018-01-15,0
bed_bath_table,2018-01-15,152,79.34856353591161,127,122.0,4.10655737704918,3.28,0.52,0.36,50.0,0.835,171.0,137.0,96.0,136.75,-11.0,-0.04381856280044438,-0.5684848484848488,156.0,2018-01-22,0
bed_bath_table,2018-01-22,156,86.65381188118812,147,163.0,3.932515337423313,3.388888888888889,0.5416666666666666,0.3472222222222222,72.0,0.8784722222222222,152.0,171.0,87.0,154.0,41.0,-0.17404203962586706,0.10888888888888903,162.0,2018-01-29,0
bed_bath_table,2018-01-29,162,84.33458937198068,135,185.0,4.021621621621621,3.2839506172839505,0.5432098765432098,0.32098765432098764,81.0,0.8395061728395061,156.0,152.0,137.0,160.25,22.0,0.08910628419830857,-0.1049382716049383,174.0,2018-02-05,0
bed_bath_table,2018-02-05,174,82.3853,134,155.0,3.9290322580645163,3.338709677419355,0.5483870967741935,0.3709677419354839,62.0,0.7903225806451613,162.0,156.0,171.0,161.0,-30.0,-0.09258936355710512,0.054759060135404436,150.0,2018-02-12,0
bed_bath_table,2018-02-12,150,85.26818681318682,133,102.0,3.8823529411764706,3.196078431372549,0.5098039215686274,0.35294117647058826,51.0,0.8137254901960784,174.0,162.0,152.0,160.5,-53.0,-0.04667931688804572,-0.14263124604680577,,2018-02-19,0
health_beauty,2017-01-02,2,503.0,2,0.0,,,,,0.0,,,,,,,,,4.0,2017-01-09,1
health_beauty,2017-01-09,4,176.1725,4,0.0,,,,,0.0,,2.0,,,,0.0,,,17.0,2017-01-16,1
health_beauty,2017-01-16,17,193.77499999999998,11,3.0,5.0,,,,0.0,,4.0,2.0,,,3.0,,,44.0,2017-01-23,1
health_beauty,2017-01-23,44,107.86355555555555,24,3.0,4.666666666666667,,,,0.0,,17.0,4.0,,16.75,0.0,-0.33333333333333304,,60.0,2017-01-30,1
health_beauty,2017-01-30,60,176.89765625,41,24.0,4.0,,,,0.0,,44.0,17.0,2.0,31.25,21.0,-0.666666666666667,,48.0,2017-02-06,1
health_beauty,2017-02-06,48,96.03490196078431,33,35.0,4.3428571428571425,,,,0.0,,60.0,44.0,4.0,42.25,11.0,0.3428571428571425,,26.0,2017-02-13,1
health_beauty,2017-02-13,26,171.95407407407407,24,53.0,4.264150943396227,,,,0.0,,48.0,60.0,17.0,44.5,18.0,-0.07870619946091573,,34.0,2017-02-20,1
health_beauty,2017-02-20,34,116.99052631578948,31,44.0,4.2727272727272725,,,,0.0,,26.0,48.0,44.0,42.0,-9.0,0.008576329331045685,,25.0,2017-02-27,1
health_beauty,2017-02-27,25,106.70333333333333,20,18.0,4.666666666666667,4.375,0.875,0.0,8.0,0.84375,34.0,26.0,60.0,33.25,-26.0,0.3939393939393945,,40.0,2017-03-06,1
health_beauty,2017-03-06,40,132.14418604651163,33,20.0,4.05,3.111111111111111,0.4444444444444444,0.3333333333333333,9.0,0.4444444444444444,25.0,34.0,48.0,31.25,2.0,-0.6166666666666671,-1.2638888888888888,50.0,2017-03-13,1
health_beauty,2017-03-13,50,149.36346153846154,43,43.0,4.162790697674419,3.909090909090909,0.6818181818181818,0.13636363636363635,22.0,0.875,40.0,25.0,26.0,37.25,23.0,0.11279069767441907,0.797979797979798,53.0,2017-03-20,1
health_beauty,2017-03-20,53,113.80875,41,53.0,4.0754716981132075,3.933333333333333,0.6666666666666666,0.1,30.0,0.775,50.0,40.0,34.0,42.0,10.0,-0.08731899956121136,0.024242424242423954,39.0,2017-03-27,1
health_beauty,2017-03-27,39,103.27022727272728,35,52.0,3.6923076923076925,3.263157894736842,0.47368421052631576,0.3157894736842105,19.0,0.8421052631578947,53.0,50.0,25.0,45.5,-1.0,-0.383164005805515,-0.6701754385964911,35.0,2017-04-03,1
health_beauty,2017-04-03,35,95.00432432432432,28,45.0,4.444444444444445,4.2,0.8666666666666667,0.06666666666666667,15.0,0.8166666666666667,39.0,53.0,40.0,44.25,-7.0,0.7521367521367521,0.9368421052631581,34.0,2017-04-10,1
health_beauty,2017-04-10,34,141.1147222222222,26,36.0,4.361111111111111,3.6,0.7,0.3,10.0,0.825,35.0,39.0,50.0,40.25,-9.0,-0.08333333333333393,-0.6000000000000001,46.0,2017-04-17,1
health_beauty,2017-04-17,46,131.74254901960785,31,38.0,4.026315789473684,3.238095238095238,0.5714285714285714,0.38095238095238093,21.0,0.6904761904761905,34.0,35.0,53.0,38.5,2.0,-0.33479532163742665,-0.36190476190476195,49.0,2017-04-24,1
health_beauty,2017-04-24,49,114.89509433962263,37,16.0,4.625,4.666666666666667,0.8333333333333334,0.0,6.0,0.7916666666666666,46.0,34.0,39.0,41.0,-22.0,0.5986842105263159,1.4285714285714288,65.0,2017-05-01,1
health_beauty,2017-05-01,65,136.6908450704225,46,36.0,4.083333333333333,3.0,0.5333333333333333,0.4666666666666667,15.0,0.7666666666666667,49.0,46.0,35.0,48.5,20.0,-0.541666666666667,-1.666666666666667,58.0,2017-05-08,1
health_beauty,2017-05-08,58,161.57784615384614,47,64.0,3.953125,3.5454545454545454,0.6363636363636364,0.3181818181818182,22.0,0.8863636363636364,65.0,49.0,34.0,54.5,28.0,-0.13020833333333304,0.5454545454545454,58.0,2017-05-15,1
health_beauty,2017-05-15,58,153.45868852459014,43,64.0,4.3125,4.193548387096774,0.8064516129032258,0.1935483870967742,31.0,0.8387096774193549,58.0,65.0,46.0,57.5,0.0,0.359375,0.6480938416422286,54.0,2017-05-22,1
health_beauty,2017-05-22,54,168.64649122807018,40,65.0,4.3076923076923075,3.32,0.56,0.32,25.0,0.81,58.0,58.0,49.0,58.75,1.0,-0.004807692307692513,-0.8735483870967742,73.0,2017-05-29,1
health_beauty,2017-05-29,73,151.559125,43,71.0,3.7464788732394365,3.25,0.53125,0.375,32.0,0.8359375,54.0,58.0,65.0,60.75,6.0,-0.561213434452871,-0.06999999999999984,52.0,2017-06-05,1
health_beauty,2017-06-05,52,176.92945454545455,42,64.0,4.421875,4.076923076923077,0.7692307692307693,0.19230769230769232,26.0,0.8557692307692307,73.0,54.0,58.0,59.25,-7.0,0.6753961267605635,0.8269230769230766,51.0,2017-06-12,1
health_beauty,2017-06-12,51,84.73703703703704,31,45.0,4.2444444444444445,3.7142857142857144,0.6428571428571429,0.21428571428571427,14.0,0.8928571428571429,52.0,73.0,58.0,57.5,-19.0,-0.17743055555555554,-0.36263736263736224,54.0,2017-06-19,1
health_beauty,2017-06-19,54,128.65333333333334,45,49.0,4.3061224489795915,3.6842105263157894,0.631578947368421,0.21052631578947367,19.0,0.8026315789473685,51.0,52.0,54.0,57.5,4.0,0.061678004535147046,-0.030075187969925032,55.0,2017-06-26,1
health_beauty,2017-06-26,55,126.71967741935484,46,62.0,4.258064516129032,3.769230769230769,0.6923076923076923,0.15384615384615385,26.0,0.7596153846153846,54.0,51.0,73.0,53.0,13.0,-0.04805793285055948,0.08502024291497978,59.0,2017-07-03,1
health_beauty,2017-07-03,59,122.79596774193548,46,45.0,4.088888888888889,3.210526315789474,0.5263157894736842,0.3684210526315789,19.0,0.7763157894736842,55.0,54.0,52.0,54.75,-17.0,-0.16917562724014346,-0.5587044534412953,62.0,2017-07-10,1
health_beauty,2017-07-10,62,61.323846153846155,46,64.0,4.234375,3.888888888888889,0.7407407407407407,0.18518518518518517,27.0,0.8425925925925926,59.0,55.0,51.0,57.5,19.0,0.14548611111111143,0.678362573099415,68.0,2017-07-17,1
health_beauty,2017-07-17,68,106.22732394366197,42,59.0,4.423728813559322,3.6923076923076925,0.6153846153846154,0.3076923076923077,26.0,0.7596153846153846,62.0,59.0,54.0,61.0,-5.0,0.1893538135593218,-0.19658119658119633,66.0,2017-07-24,1
health_beauty,2017-07-24,66,159.73617647058822,44,76.0,4.092105263157895,3.7096774193548385,0.6451612903225806,0.22580645161290322,31.0,0.8709677419354839,68.0,62.0,55.0,63.75,17.0,-0.3316235504014271,0.01736972704714601,75.0,2017-07-31,1
health_beauty,2017-07-31,75,134.4575,54,64.0,4.046875,3.5714285714285716,0.5714285714285714,0.2857142857142857,28.0,0.6875,66.0,68.0,59.0,67.75,-12.0,-0.04523026315789469,-0.1382488479262669,66.0,2017-08-07,1
health_beauty,2017-08-07,66,159.19794117647058,51,62.0,4.080645161290323,3.52,0.56,0.32,25.0,0.92,75.0,66.0,62.0,68.75,-2.0,0.03377016129032295,-0.0514285714285716,81.0,2017-08-14,1
health_beauty,2017-08-14,81,162.53964705882353,58,74.0,4.243243243243243,3.6875,0.6875,0.25,32.0,0.7734375,66.0,75.0,68.0,72.0,12.0,0.16259808195292003,0.16749999999999998,76.0,2017-08-21,1
health_beauty,2017-08-21,76,120.8797435897436,53,76.0,4.5131578947368425,4.115384615384615,0.7692307692307693,0.15384615384615385,26.0,0.8557692307692307,81.0,66.0,66.0,74.5,2.0,0.2699146514935995,0.427884615384615,85.0,2017-08-28,1
health_beauty,2017-08-28,85,102.31355555555555,60,81.0,4.419753086419753,3.769230769230769,0.7692307692307693,0.15384615384615385,26.0,0.8173076923076923,76.0,81.0,75.0,77.0,5.0,-0.0934048083170893,-0.3461538461538458,81.0,2017-09-04,1
health_beauty,2017-09-04,81,148.48023529411765,55,72.0,4.069444444444445,3.129032258064516,0.41935483870967744,0.3870967741935484,31.0,0.8064516129032258,85.0,76.0,66.0,80.75,-9.0,-0.35030864197530853,-0.6401985111662531,100.0,2017-09-11,1
health_beauty,2017-09-11,100,144.21669811320754,76,75.0,3.9466666666666668,3.088235294117647,0.4411764705882353,0.38235294117647056,34.0,0.8014705882352942,81.0,85.0,81.0,85.5,3.0,-0.12277777777777787,-0.040796963946868825,78.0,2017-09-18,1
health_beauty,2017-09-18,78,116.98380952380951,51,98.0,4.408163265306122,3.8684210526315788,0.7105263157894737,0.23684210526315788,38.0,0.7894736842105263,100.0,81.0,76.0,86.0,23.0,0.46149659863945525,0.7801857585139316,79.0,2017-09-25,1
health_beauty,2017-09-25,79,141.30825,54,81.0,4.234567901234568,3.627906976744186,0.6046511627906976,0.23255813953488372,43.0,0.8372093023255814,78.0,100.0,85.0,84.5,-17.0,-0.17359536407155396,-0.24051407588739293,72.0,2017-10-02,1
health_beauty,2017-10-02,72,122.12146666666668,54,76.0,4.223684210526316,4.0625,0.78125,0.15625,32.0,0.8203125,79.0,78.0,81.0,82.25,-5.0,-0.010883690708252125,0.43459302325581417,66.0,2017-10-09,1
health_beauty,2017-10-09,66,117.93927536231884,50,93.0,4.053763440860215,3.4871794871794872,0.6153846153846154,0.3076923076923077,39.0,0.8846153846153846,72.0,79.0,100.0,73.75,17.0,-0.16992076966610092,-0.5753205128205128,99.0,2017-10-16,1
health_beauty,2017-10-16,99,135.13462962962964,71,63.0,4.5396825396825395,3.5384615384615383,0.6538461538461539,0.3076923076923077,26.0,0.7980769230769231,66.0,72.0,78.0,79.0,-30.0,0.48591909882232454,0.0512820512820511,73.0,2017-10-23,1
health_beauty,2017-10-23,73,97.35662790697674,48,88.0,4.329545454545454,3.8684210526315788,0.6842105263157895,0.21052631578947367,38.0,0.8223684210526315,99.0,66.0,79.0,77.5,25.0,-0.2101370851370854,0.32995951417004044,56.0,2017-10-30,1
health_beauty,2017-10-30,56,112.38421875,52,84.0,4.369047619047619,3.6538461538461537,0.6153846153846154,0.19230769230769232,26.0,0.8557692307692307,73.0,99.0,72.0,73.5,-4.0,0.03950216450216448,-0.21457489878542502,78.0,2017-11-06,1
health_beauty,2017-11-06,78,114.33344827586207,65,61.0,4.065573770491803,4.086956521739131,0.782608695652174,0.21739130434782608,23.0,0.8913043478260869,56.0,73.0,66.0,76.5,-23.0,-0.3034738485558153,0.4331103678929771,82.0,2017-11-13,1
health_beauty,2017-11-13,82,151.16795454545456,65,71.0,4.084507042253521,3.357142857142857,0.5714285714285714,0.32142857142857145,28.0,0.7767857142857143,78.0,56.0,99.0,72.25,10.0,0.018933271761717663,-0.7298136645962736,221.0,2017-11-20,1
health_beauty,2017-11-20,221,150.7503305785124,125,75.0,4.16,3.25,0.55,0.4,20.0,0.8,82.0,78.0,73.0,109.25,4.0,0.07549295774647913,-0.1071428571428572,172.0,2017-11-27,1
health_beauty,2017-11-27,172,119.07936170212766,107,102.0,4.294117647058823,3.5675675675675675,0.6486486486486487,0.32432432432432434,37.0,0.8986486486486487,221.0,82.0,56.0,138.25,27.0,0.13411764705882323,0.31756756756756754,130.0,2017-12-04,1
health_beauty,2017-12-04,130,132.85136690647482,86,130.0,4.246153846153846,3.510204081632653,0.5918367346938775,0.32653061224489793,49.0,0.7755102040816326,172.0,221.0,78.0,151.25,28.0,-0.047963800904977205,-0.05736348593491458,112.0,2017-12-11,1
health_beauty,2017-12-11,112,161.96483050847456,64,166.0,4.234939759036145,3.709090909090909,0.6909090909090909,0.23636363636363636,55.0,0.8409090909090909,130.0,172.0,82.0,158.75,36.0,-0.011214087117701332,0.19888682745825603,69.0,2017-12-18,1
health_beauty,2017-12-18,69,103.13592592592593,51,158.0,3.9430379746835444,3.608695652173913,0.6231884057971014,0.2898550724637681,69.0,0.8260869565217391,112.0,130.0,221.0,120.75,-8.0,-0.2919017843526004,-0.10039525691699591,57.0,2017-12-25,1
health_beauty,2017-12-25,57,102.6542372881356,37,103.0,4.165048543689321,3.4047619047619047,0.5476190476190477,0.2857142857142857,42.0,0.8392857142857143,69.0,112.0,172.0,92.0,-55.0,0.22201056900577631,-0.20393374741200843,99.0,2018-01-01,1
health_beauty,2018-01-01,99,103.77918181818181,76,89.0,4.134831460674158,3.6451612903225805,0.6774193548387096,0.2903225806451613,31.0,0.9032258064516129,57.0,69.0,130.0,84.25,-14.0,-0.030217083015163126,0.24039938556067586,146.0,2018-01-08,1
health_beauty,2018-01-08,146,109.55232258064517,99,105.0,4.0095238095238095,3.450980392156863,0.6078431372549019,0.29411764705882354,51.0,0.8186274509803921,99.0,57.0,112.0,92.75,16.0,-0.12530765115034814,-0.1941808981657176,144.0,2018-01-15,1
health_beauty,2018-01-15,144,104.19993710691824,102,87.0,4.287356321839081,3.7333333333333334,0.7,0.26666666666666666,30.0,0.8083333333333333,146.0,99.0,69.0,111.5,-18.0,0.2778325123152712,0.2823529411764705,136.0,2018-01-22,1
health_beauty,2018-01-22,136,135.99867549668875,97,137.0,4.255474452554744,3.723404255319149,0.6808510638297872,0.2553191489361702,47.0,0.851063829787234,144.0,146.0,57.0,131.25,50.0,-0.03188186928433634,-0.009929078014184523,124.0,2018-01-29,1
health_beauty,2018-01-29,124,138.95807407407406,95,142.0,4.211267605633803,3.526315789473684,0.6140350877192983,0.3157894736842105,57.0,0.8114035087719298,136.0,144.0,99.0,137.5,5.0,-0.044206846920941345,-0.1970884658454648,136.0,2018-02-05,1
health_beauty,2018-02-05,136,125.57597315436242,94,117.0,4.145299145299146,3.1555555555555554,0.5333333333333333,0.4,45.0,0.8111111111111111,124.0,136.0,146.0,135.0,-25.0,-0.06596846033465731,-0.3707602339181286,152.0,2018-02-12,1
health_beauty,2018-02-12,152,126.02111111111111,100,88.0,4.409090909090909,3.64,0.64,0.36,25.0,0.75,136.0,124.0,144.0,137.0,-29.0,0.2637917637917635,0.4844444444444447,,2018-02-19,1
